first_name,last_name,area_code,email
tzur, ben-shoshan,tzurr15@gmail.com
anat, ben-shoshan,anati@gmail.com
Tirtza, ben-shoshan,tirtza@gmail.com
Mano, Giles,giles@gmail.com
Jonatan, Giles,jonatan15@gmail.com
